fold,framework,selection,model,n,events,c_statistic,calibration_slope,calibration_intercept,brier_score,net_benefit,set
1,cox,backward,Cox - Backward,1216,41,0.6832900882200317,0.5384656237234101,-1.422860715069287,0.031395490492920564,0,CV fold
1,cox,forward,Cox - Forward,1216,41,0.6832900882200317,0.5384656237234101,-1.422860715069287,0.031395490492920564,0,CV fold
1,cox,group_lasso,Cox - Group lasso,1216,41,0.7147898287493527,1.3588123799789318,1.1653692159363587,0.03153371961609845,0,CV fold
1,landmark,backward,Landmark Cox - Backward,430,15,0.6142971887550199,0.7976510898147448,-0.8983241923632926,0.033836439356596484,0,CV fold
1,landmark,forward,Landmark Cox - Forward,430,15,0.6142971887550199,0.7976510898147448,-0.8983241923632926,0.033836439356596484,0,CV fold
1,landmark,group_lasso,Landmark Cox - Group lasso,430,15,0.6064257028112447,0.38612549028660353,-2.145914786367565,0.03408347092049396,0,CV fold
1,logistic,backward,Logistic - Backward,1216,41,0.7152672548002034,1.1412854705169369,0.4747373791751805,0.0313634888840548,0,CV fold
1,logistic,forward,Logistic - Forward,1216,41,0.7152672548002034,1.1412854705169369,0.4747373791751805,0.0313634888840548,0,CV fold
1,logistic,group_lasso,Logistic - Group lasso,1216,41,0.5,NA,-3.3554513598732902,0.032586716773331935,0,CV fold
2,cox,backward,Cox - Backward,1193,36,0.4854508787093087,-0.01037345000351358,-3.5146193730168753,0.029975197616674134,0,CV fold
2,cox,forward,Cox - Forward,1193,36,0.4854508787093087,-0.01037345000351358,-3.5146193730168753,0.029975197616674134,0,CV fold
2,cox,group_lasso,Cox - Group lasso,1193,36,0.594797368673771,0.5666235885429025,-1.483878694672294,0.029170634024768976,0,CV fold
2,landmark,backward,Landmark Cox - Backward,499,10,0.5502044989775051,0.3180721901385405,-2.9295923388689333,0.020618586184379707,0,CV fold
2,landmark,forward,Landmark Cox - Forward,499,10,0.5502044989775051,0.3180721901385405,-2.9295923388689333,0.020618586184379707,0,CV fold
2,landmark,group_lasso,Landmark Cox - Group lasso,499,10,0.5420245398773004,0.23553343814037844,-3.1718080537459206,0.021889695776386615,-0.002004008016032064,CV fold
2,logistic,backward,Logistic - Backward,1193,36,0.6006914433880682,0.4946145111398121,-1.6959175275607024,0.02926244055763481,0,CV fold
2,logistic,forward,Logistic - Forward,1193,36,0.6006914433880682,0.4946145111398121,-1.6959175275607024,0.02926244055763481,0,CV fold
2,logistic,group_lasso,Logistic - Group lasso,1193,36,0.5655670796120236,1.6391105252776406,2.088618378206666,0.02920463850256225,0,CV fold
3,cox,backward,Cox - Backward,1205,38,0.5683263428494119,-0.09474511200747918,-3.878899376641474,0.03105425373379556,-8.298755186721991e-4,CV fold
3,cox,forward,Cox - Forward,1205,38,0.5683263428494119,-0.09474511200747918,-3.878899376641474,0.03105425373379556,-8.298755186721991e-4,CV fold
3,cox,group_lasso,Cox - Group lasso,1205,38,0.7277319262165709,1.3144885471916055,0.880519141727243,0.02931184148677267,0,CV fold
3,landmark,backward,Landmark Cox - Backward,378,10,0.48682065217391063,-0.19751443156486262,-4.200925019292793,0.02726283903516608,0,CV fold
3,landmark,forward,Landmark Cox - Forward,378,10,0.48682065217391063,-0.19751443156486262,-4.200925019292793,0.02726283903516608,0,CV fold
3,landmark,group_lasso,Landmark Cox - Group lasso,378,10,0.6934782608695651,1.6259224849966394,1.1605881530094537,0.026183004056231075,0,CV fold
3,logistic,backward,Logistic - Backward,1205,38,0.7283971496865589,1.1196597624083373,0.26886052703005514,0.02918092214223587,0,CV fold
3,logistic,forward,Logistic - Forward,1205,38,0.7283971496865589,1.1196597624083373,0.26886052703005514,0.02918092214223587,0,CV fold
3,logistic,group_lasso,Logistic - Group lasso,1205,38,0.5,NA,-3.4246054725573782,0.030540831235222547,0,CV fold
4,cox,backward,Cox - Backward,1220,40,0.6926483050847481,0.7014363424472221,-0.9425625322822693,0.0310615330784707,8.19672131147541e-4,CV fold
4,cox,forward,Cox - Forward,1220,40,0.6926483050847481,0.7014363424472221,-0.9425625322822693,0.0310615330784707,8.19672131147541e-4,CV fold
4,cox,group_lasso,Cox - Group lasso,1220,40,0.7103601694915249,1.197394458635228,0.6377040169291754,0.030764506807662063,0,CV fold
4,landmark,backward,Landmark Cox - Backward,326,15,0.4852090032154339,-0.031269468806498314,-3.1282075161579828,0.044671927547668557,0,CV fold
4,landmark,forward,Landmark Cox - Forward,326,15,0.4852090032154339,-0.031269468806498314,-3.1282075161579828,0.044671927547668557,0,CV fold
4,landmark,group_lasso,Landmark Cox - Group lasso,326,15,0.4814576634512326,0.01373210706424931,-2.9883831395360554,0.04887186185577681,-0.003067484662576687,CV fold
4,logistic,backward,Logistic - Backward,1220,40,0.714915254237292,0.9832927535038973,-0.047251284785321826,0.030575952575639817,0,CV fold
4,logistic,forward,Logistic - Forward,1220,40,0.714915254237292,0.9832927535038973,-0.047251284785321826,0.030575952575639817,0,CV fold
4,logistic,group_lasso,Logistic - Group lasso,1220,40,0.5,NA,-3.384390263344567,0.03171380689316427,0,CV fold
5,cox,backward,Cox - Backward,1228,37,0.7278121950666052,0.9871891734773867,0.07035651539905655,0.028493734525491095,0,CV fold
5,cox,forward,Cox - Forward,1228,37,0.7278121950666052,0.9871891734773867,0.07035651539905655,0.028493734525491095,0,CV fold
5,cox,group_lasso,Cox - Group lasso,1228,37,0.7357206072571263,1.2955265793028106,1.0461051738789093,0.02852132973395389,0,CV fold
5,landmark,backward,Landmark Cox - Backward,270,14,0.6194196428571435,0.9984889487660344,0.14105748144673871,0.04876673887275073,0,CV fold
5,landmark,forward,Landmark Cox - Forward,270,14,0.5594308035714286,0.6298538182626483,-1.0150542155532394,0.04913803183234842,0,CV fold
5,landmark,group_lasso,Landmark Cox - Group lasso,270,14,0.5478515625000001,0.20339368091685517,-2.283578274225187,0.04941251235334905,0,CV fold
5,logistic,backward,Logistic - Backward,1228,37,0.7379558399709502,1.1875383665009587,0.7021539342195573,0.028351255275804364,0,CV fold
5,logistic,forward,Logistic - Forward,1228,37,0.7379558399709502,1.1875383665009587,0.7021539342195573,0.028351255275804364,0,CV fold
5,logistic,group_lasso,Logistic - Group lasso,1228,37,0.5,NA,-3.4716306567039332,0.02922626104386101,0,CV fold
